{
  "id": "",
  "name": "",
  "font_family": "iconfont",
  "css_prefix_text": "icon-",
  "description": "",
  "glyphs": [
    {
      "icon_id": "18267908",
      "name": "饼图图表",
      "font_class": "bingtutubiao",
      "unicode": "e98c",
      "unicode_decimal": 59788
    },
    {
      "icon_id": "21497122",
      "name": "维修",
      "font_class": "weixiu",
      "unicode": "e602",
      "unicode_decimal": 58882
    },
    {
      "icon_id": "21497123",
      "name": "全部",
      "font_class": "aichegujiabeifen7",
      "unicode": "e603",
      "unicode_decimal": 58883
    },
    {
      "icon_id": "21497124",
      "name": "新车报价",
      "font_class": "xinchebaojia",
      "unicode": "e604",
      "unicode_decimal": 58884
    },
    {
      "icon_id": "21497125",
      "name": "我的砍价",
      "font_class": "wodekanjia",
      "unicode": "e605",
      "unicode_decimal": 58885
    },
    {
      "icon_id": "21497126",
      "name": "爱车估价",
      "font_class": "aichegujiabeifen",
      "unicode": "e606",
      "unicode_decimal": 58886
    },
    {
      "icon_id": "21497127",
      "name": "专家答疑",
      "font_class": "zhuanjiadayibeifen",
      "unicode": "e607",
      "unicode_decimal": 58887
    },
    {
      "icon_id": "21497128",
      "name": "做保养",
      "font_class": "zuobaoyang",
      "unicode": "e608",
      "unicode_decimal": 58888
    },
    {
      "icon_id": "21497129",
      "name": "油卡充值",
      "font_class": "youkachongzhi",
      "unicode": "e609",
      "unicode_decimal": 58889
    },
    {
      "icon_id": "21497130",
      "name": "购买",
      "font_class": "maichepin",
      "unicode": "e60a",
      "unicode_decimal": 58890
    }
  ]
}
